Rodinys	Centras	Laikas	Rodiklis	Reikšmė
META			atnaujinta	2026-10-03 10:36
KPI			surinkimo_namu_ukiai	114
KPI			surinkimo_zmones	227
KPI			centruose_uzregistruota	138
KPI			isvyko	0
KPI			centruose_dabar	138
KPI			namu_ukiai_visi	43
KPI			namu_ukiai_truksta	70
CENTRAS	Lazdijai		uzregistruota	4
CENTRAS	Lazdijai		isvyko	0
CENTRAS	Lazdijai		dabar	4
CENTRAS	Lazdijus		uzregistruota	1
CENTRAS	Lazdijus		isvyko	0
CENTRAS	Lazdijus		dabar	1
CENTRAS	Lazdijų raj.		uzregistruota	7
CENTRAS	Lazdijų raj.		isvyko	0
CENTRAS	Lazdijų raj.		dabar	7
CENTRAS	Veisėjai		uzregistruota	1
CENTRAS	Veisėjai		isvyko	0
CENTRAS	Veisėjai		dabar	1
CENTRAS	lazdiju_r		uzregistruota	125
CENTRAS	lazdiju_r		isvyko	0
CENTRAS	lazdiju_r		dabar	125
POREIKIAI_DABAR	Lazdijai		flag_health	1
POREIKIAI_DABAR	Lazdijai		flag_medication_urgent	0
POREIKIAI_DABAR	Lazdijai		flag_accommodation	4
POREIKIAI_DABAR	Lazdijai		flag_transport	0
POREIKIAI_DABAR	Lazdijai		flag_interpreter	0
POREIKIAI_DABAR	Lazdijai		flag_rfl	0
POREIKIAI_DABAR	Lazdijai		flag_protection	1
POREIKIAI_DABAR	Lazdijai		flag_follow_up	3
POREIKIAI_DABAR	Lazdijus		flag_health	0
POREIKIAI_DABAR	Lazdijus		flag_medication_urgent	0
POREIKIAI_DABAR	Lazdijus		flag_accommodation	1
POREIKIAI_DABAR	Lazdijus		flag_transport	0
POREIKIAI_DABAR	Lazdijus		flag_interpreter	0
POREIKIAI_DABAR	Lazdijus		flag_rfl	0
POREIKIAI_DABAR	Lazdijus		flag_protection	0
POREIKIAI_DABAR	Lazdijus		flag_follow_up	1
POREIKIAI_DABAR	Lazdijų raj.		flag_health	1
POREIKIAI_DABAR	Lazdijų raj.		flag_medication_urgent	0
POREIKIAI_DABAR	Lazdijų raj.		flag_accommodation	2
POREIKIAI_DABAR	Lazdijų raj.		flag_transport	1
POREIKIAI_DABAR	Lazdijų raj.		flag_interpreter	0
POREIKIAI_DABAR	Lazdijų raj.		flag_rfl	0
POREIKIAI_DABAR	Lazdijų raj.		flag_protection	0
POREIKIAI_DABAR	Lazdijų raj.		flag_follow_up	3
POREIKIAI_DABAR	Veisėjai		flag_health	0
POREIKIAI_DABAR	Veisėjai		flag_medication_urgent	0
POREIKIAI_DABAR	Veisėjai		flag_accommodation	1
POREIKIAI_DABAR	Veisėjai		flag_transport	0
POREIKIAI_DABAR	Veisėjai		flag_interpreter	0
POREIKIAI_DABAR	Veisėjai		flag_rfl	0
POREIKIAI_DABAR	Veisėjai		flag_protection	0
POREIKIAI_DABAR	Veisėjai		flag_follow_up	1
POREIKIAI_DABAR	lazdiju_r		flag_health	9
POREIKIAI_DABAR	lazdiju_r		flag_medication_urgent	18
POREIKIAI_DABAR	lazdiju_r		flag_accommodation	70
POREIKIAI_DABAR	lazdiju_r		flag_transport	20
POREIKIAI_DABAR	lazdiju_r		flag_interpreter	3
POREIKIAI_DABAR	lazdiju_r		flag_rfl	17
POREIKIAI_DABAR	lazdiju_r		flag_protection	7
POREIKIAI_DABAR	lazdiju_r		flag_follow_up	65
POREIKIAI_VISI	Lazdijai		flag_health	1
POREIKIAI_VISI	Lazdijai		flag_medication_urgent	0
POREIKIAI_VISI	Lazdijai		flag_accommodation	4
POREIKIAI_VISI	Lazdijai		flag_transport	0
POREIKIAI_VISI	Lazdijai		flag_interpreter	0
POREIKIAI_VISI	Lazdijai		flag_rfl	0
POREIKIAI_VISI	Lazdijai		flag_protection	1
POREIKIAI_VISI	Lazdijai		flag_follow_up	3
POREIKIAI_VISI	Lazdijus		flag_health	0
POREIKIAI_VISI	Lazdijus		flag_medication_urgent	0
POREIKIAI_VISI	Lazdijus		flag_accommodation	1
POREIKIAI_VISI	Lazdijus		flag_transport	0
POREIKIAI_VISI	Lazdijus		flag_interpreter	0
POREIKIAI_VISI	Lazdijus		flag_rfl	0
POREIKIAI_VISI	Lazdijus		flag_protection	0
POREIKIAI_VISI	Lazdijus		flag_follow_up	1
POREIKIAI_VISI	Lazdijų raj.		flag_health	1
POREIKIAI_VISI	Lazdijų raj.		flag_medication_urgent	0
POREIKIAI_VISI	Lazdijų raj.		flag_accommodation	2
POREIKIAI_VISI	Lazdijų raj.		flag_transport	1
POREIKIAI_VISI	Lazdijų raj.		flag_interpreter	0
POREIKIAI_VISI	Lazdijų raj.		flag_rfl	0
POREIKIAI_VISI	Lazdijų raj.		flag_protection	0
POREIKIAI_VISI	Lazdijų raj.		flag_follow_up	3
POREIKIAI_VISI	Veisėjai		flag_health	0
POREIKIAI_VISI	Veisėjai		flag_medication_urgent	0
POREIKIAI_VISI	Veisėjai		flag_accommodation	1
POREIKIAI_VISI	Veisėjai		flag_transport	0
POREIKIAI_VISI	Veisėjai		flag_interpreter	0
POREIKIAI_VISI	Veisėjai		flag_rfl	0
POREIKIAI_VISI	Veisėjai		flag_protection	0
POREIKIAI_VISI	Veisėjai		flag_follow_up	1
POREIKIAI_VISI	lazdiju_r		flag_health	9
POREIKIAI_VISI	lazdiju_r		flag_medication_urgent	18
POREIKIAI_VISI	lazdiju_r		flag_accommodation	70
POREIKIAI_VISI	lazdiju_r		flag_transport	20
POREIKIAI_VISI	lazdiju_r		flag_interpreter	3
POREIKIAI_VISI	lazdiju_r		flag_rfl	17
POREIKIAI_VISI	lazdiju_r		flag_protection	7
POREIKIAI_VISI	lazdiju_r		flag_follow_up	65
EIGA		2026-09-26 08:00	surinkimo_namu_ukiai	6
EIGA		2026-09-26 08:00	atvyko_i_centrus	0
EIGA		2026-09-26 08:00	isvyko	0
EIGA		2026-09-26 08:00	centruose_tuo_metu	0
EIGA		2026-09-26 09:00	surinkimo_namu_ukiai	32
EIGA		2026-09-26 09:00	atvyko_i_centrus	0
EIGA		2026-09-26 09:00	isvyko	0
EIGA		2026-09-26 09:00	centruose_tuo_metu	0
EIGA		2026-09-30 13:00	surinkimo_namu_ukiai	1
EIGA		2026-09-30 13:00	atvyko_i_centrus	0
EIGA		2026-09-30 13:00	isvyko	0
EIGA		2026-09-30 13:00	centruose_tuo_metu	0
EIGA		2026-10-02 11:00	surinkimo_namu_ukiai	1
EIGA		2026-10-02 11:00	atvyko_i_centrus	0
EIGA		2026-10-02 11:00	isvyko	0
EIGA		2026-10-02 11:00	centruose_tuo_metu	0
EIGA		2026-10-02 18:00	surinkimo_namu_ukiai	1
EIGA		2026-10-02 18:00	atvyko_i_centrus	0
EIGA		2026-10-02 18:00	isvyko	0
EIGA		2026-10-02 18:00	centruose_tuo_metu	0
EIGA		2026-10-03 08:00	surinkimo_namu_ukiai	6
EIGA		2026-10-03 08:00	atvyko_i_centrus	0
EIGA		2026-10-03 08:00	isvyko	0
EIGA		2026-10-03 08:00	centruose_tuo_metu	0
EIGA		2026-10-03 09:00	surinkimo_namu_ukiai	27
EIGA		2026-10-03 09:00	atvyko_i_centrus	50
EIGA		2026-10-03 09:00	isvyko	0
EIGA		2026-10-03 09:00	centruose_tuo_metu	50
EIGA		2026-10-03 10:00	surinkimo_namu_ukiai	47
EIGA		2026-10-03 10:00	atvyko_i_centrus	88
EIGA		2026-10-03 10:00	isvyko	0
EIGA		2026-10-03 10:00	centruose_tuo_metu	138
